name,box_name
1st aid kit,run/camp
1st aid kit forceps,run/camp
1st aid kit running,run/camp
adapters,electronics
ahon gaiters,run/camp
anker box,electronics
anker solar,run/camp
anker soundbuds slim box,k
apple earphones case,k
bag,climb/camp
bag bungee,electronics
batteries,electronics
black diamond beer koozie,run/camp
black diamond headlamp,run/camp
black diamond lamp,run/camp
black strap,climb/camp
black strap,climb/camp
blue harness,climb/camp
bubble wrap,electronics
bulbs (2),electronics
camera cleaning kit,cameras
canon 24mm box,cameras
"canon 60d box (24mm lens, charger)",cameras
canon point n shoot charger in bag,cameras
canon point n shoot in bag,cameras
chalk,climb/camp
cleaning kit,cameras
climbing bag,climb/camp
cm50 bag,climb/camp
condura aircon parts,electronics
crumpler strap,cameras
dji bag,cameras
dji charger,cameras
doite tent,climb/camp
emotional design,bookshelf
energizer batteries,run/camp
eye-fi memory card box (2),k
family records,j
flash light,run/camp
fm transmitter box,electronics
Foam,electronics
foot warmers,run/camp
fuji rock rain coat,run/camp
fujifilm film roll,k
garmin forerunner box,k
garmin strap,climb/camp
gilette razor,electronics
google chromecast box,electronics
google pixel 2 phone box,electronics
green reflective strap,run/camp
green windbreaker,run/camp
gsi frying pan,run/camp
hammock,run/camp
hand warmers,run/camp
hd disk,electronics
helmet pads,climb/camp
huawei p9 box,k
intex pump,electronics
investment records,j
iphone8 box,k
javascript & jquery,bookshelf
kin's notebooks,home
kinesio tex,run/camp
lens brush,cameras
lens cleaning kit,k
"magazines (travel, climbing)",climb/camp
magsafe,electronics
mai's glasses,j
maxtor hd external,k
med kit,run/camp
medals,j
mefoto tripod,cameras
"memory card (transcend 6gb, sandisk 16gb)",k
mini tripod,cameras
north face basecamp bag,climb/camp
north face tent,run/camp
north face tent poles pegs cover,run/camp
"nut, biner, slings (2) in yellow bag",climb/camp
oximeter,run/camp
panasonic small battery batteries,run/camp
"paperbags (garmin, henrys, beyond the box)",k
personal stuff,j
petzl pink lamp,run/camp
photos,j
pixel 2 spigen case,electronics
poi,climb/camp
power grid,electronics
quecha folding chairs (2),run/camp
quecha poles (2),run/camp
race kits,j
race light,run/camp
red ikea lamp,home
rope,climb/camp
rope bag,climb/camp
rosary,j
rough n tough collapsible cup,run/camp
rubber cup,climb/camp
samsung phone and charger,k
samsung white earphones,electronics
screws,electronics
sd cards,cameras
sd filter,k
sea to summit cookset,run/camp
silica gel,electronics
sleeping bag,run/camp
slik tripod,cameras
smart bulb boxes,electronics
smart lte home wifi,electronics
smart plug box,electronics
sony 10-18 lens box,k
sony 35mm 1.8 lens box,k
sterling rope bag,climb/camp
stickers,j
straw wire,electronics
tarp,run/camp
tekgas stove,run/camp
the design entrepreneur,bookshelf
tnf small bag (travel adapter),cameras
TV plate in rei paper bag,home
ultimate direction water bottle holder,run/camp
vacuum accessories,electronics
vagabonding (2),bookshelf
waterproof bag,climb/camp
whistle,run/camp
white earphones,k
white tali yarn,electronics
xmas decors,xmas
yellow band,run/camp
yi camera box,cameras