ultimate direction water bottle holder,run/camp box
rought n tought collapsible cup,run/camp box
gsi frying pan,run/camp box
tarp,run/camp box
sea to summit cookset,run/camp box
oximeter,run/camp box
petzl pink lamp,run/camp box
green windbreaker,run/camp box
anker solar,run/camp box
fuji rock rain coat,run/camp box
ahon gaiters,run/camp box
black diamond lamp,run/camp box
tekgas stove,run/camp box
med kit,run/camp box
hammock,run/camp box
1st aid kit forceps,run/camp box
1st aid kit,run/camp box
1st aid kit running,run/camp box
black diamond headlamp,run/camp box
energizer batteries,run/camp box
hand warmers,run/camp box
whistle,run/camp box
race light,run/camp box
panasonic small battery batteries,run/camp box
foot warmers,run/camp box
north face tent,run/camp box
north face tent poles pegs cover,run/camp box
black diamond beer koozey,run/camp box
sleeping bag,run/camp box
flash light,run/camp box
green reflective strap,run/camp box
kinesio tex,run/camp box
yellow band,run/camp box
quecha poles (2),run/camp box
quecha folding chairs (2),run/camp box